0,1,2,3,4,5
George Washington,7542581663,georgewashington@gmail.com,"House #2 PushpamVihar, 560078",rdotiekpyqplqorgjxpvpjxlxuzuhnma,end_user
Douglas Adams,2199072790,douglasadams@gmail.com,"House #17 PushpamVihar, 560078",jdrybhtvrfbw,end_user
Abraham Lincoln,3208986874,abrahamlincoln@gmail.com,"B building #793, Altamond Heights, 560082",mrzvajbyvi,end_user
Wolfgang Amadeus Mozart,5579673507,wolfgangamadeusmozart@gmail.com,"House #2 PushpamVihar, 560078",ukvvaqarrghlhwuvrzsdwfkfnmnaq,end_user
Ludwig van Beethoven,3455802769,ludwigvanbeethoven@gmail.com,"House #17 PushpamVihar, 560078",oppkzxbzmelsodavutugdlymn,end_user
Jean-François Champollion,6462806632,jean-françoischampollion@gmail.com,"B building #793, Altamond Heights, 560082",bzikugqvhqhtsvqlqwzn,end_user
Paul Morand,9498340495,paulmorand@gmail.com,"House #2 PushpamVihar, 560078",racgjbydwgdzcictyftemppkov,end_user
Claude Monet,8537908064,claudemonet@gmail.com,"House #17 PushpamVihar, 560078",fzdlaywsgiffjtnhszmwqgbuqomxy,end_user
Diego Velázquez,4217201136,diegovelázquez@gmail.com,"B building #793, Altamond Heights, 560082",fxmhaldzrsdrhuzuawhyincxk,end_user
El Greco,1950911839,elgreco@gmail.com,"House #2 PushpamVihar, 560078",hsjuqwaiihuat,end_user
Elvis Presley,4264256494,elvispresley@gmail.com,"House #17 PushpamVihar, 560078",fexzziyjttpmfd,end_user
Galileo Galilei,2479087051,galileogalilei@gmail.com,"B building #793, Altamond Heights, 560082",rozdxfadzdkfzsdjrgkb,end_user
Patricio Aylwin,3114050335,patricioaylwin@gmail.com,"House #2 PushpamVihar, 560078",shxvstehiwdvebnhhtsaddo,end_user
Louis IX of France,1836207371,louisixoffrance@gmail.com,"House #17 PushpamVihar, 560078",vyetegcrowlwybmmzmklp,end_user
Adolf Hitler,2044535320,adolfhitler@gmail.com,"B building #793, Altamond Heights, 560082",wczhwuvrmqqefcsk,end_user
Blanche of Castile,9645500727,blancheofcastile@gmail.com,"House #2 PushpamVihar, 560078",hdvzaljemqrkwnfmmv,end_user
Piet Kraak,5691896667,pietkraak@gmail.com,"House #17 PushpamVihar, 560078",unihiedqcgqtyhxtnzbeuppczejxby,end_user
Augusto Pinochet,5063996619,augustopinochet@gmail.com,"B building #793, Altamond Heights, 560082",rzhtbmrvugvqbrulruvldgtyncpw,end_user
Yanka Kupala,6718430716,yankakupala@gmail.com,"House #2 PushpamVihar, 560078",phqwrzaaqo,end_user
František Plánička,3972500629,františekplánička@gmail.com,"House #17 PushpamVihar, 560078",hkdjzctmxsqfpu,end_user
Linda Lovelace,7490922006,lindalovelace@gmail.com,"B building #793, Altamond Heights, 560082",uqxbopcvhok,end_user
Bob Marley,326378298,bobmarley@gmail.com,"House #2 PushpamVihar, 560078",tuzkfanvajgxaoxvpjtctiiscxrqx,end_user
Carl Sagan,4082990558,carlsagan@gmail.com,"House #17 PushpamVihar, 560078",mxyexvtblvalgxmk,end_user
Salvador Allende,944122057,salvadorallende@gmail.com,"B building #793, Altamond Heights, 560082",ebyhderydpajpwmfhdljhuhwtnqo,end_user
Denis Diderot,1168394079,denisdiderot@gmail.com,"House #2 PushpamVihar, 560078",kzievlxgrsbbmiezfwwibfanryltke,end_user
Georges Brassens,6322226710,georgesbrassens@gmail.com,"House #17 PushpamVihar, 560078",pnkcdxjupupvbzfdigvuect,end_user
Philipp Ludwig von Seidel,5257529582,philippludwigvonseidel@gmail.com,"B building #793, Altamond Heights, 560082",spixrsdwpfaixtoyhtafczvrxi,end_user
Eduardo Frei Montalva,5651092332,eduardofreimontalva@gmail.com,"House #2 PushpamVihar, 560078",nvnklkrbpzxnueb,end_user
Arthur Rimbaud,4158755120,arthurrimbaud@gmail.com,"House #17 PushpamVihar, 560078",ignfnjwfhuwlvpmdbnj,administrator
"Ulrich Frédéric Woldemar, Comte de Lowendal",8315440140,"ulrichfrédéricwoldemar,comtedelowendal@gmail.com","B building #793, Altamond Heights, 560082",flyauczhzinbddqzcgffzkicdaue,administrator